Page,H2 Content,Focus Keyword
1,আরিশা ইবনাত নামের অর্থ কি? নামটি কি রাখা যাবে?,আরিশা ইবনাত নামের অর্থ কি 
1,"ইবনে, বিন ও বিনতে নামের অর্থ ও ব্যবহার","ইবনে, বিন ও বিনতে নামের অর্থ ও ব্যবহার"
1,সাদ নামের অর্থ কি? মুসলিমরা কি এই নাম রাখতে পারবে?,সাদ নামের অর্থ কি 
1,আরাফ নামের অর্থ কি? নামটি কি আসলেই ইসলামিক নাম?,আরাফ নামের অর্থ কি 
1,আরিশা নামের অর্থ কি? এটি কি আসলেই ইসলামিক নাম?,আরিশা নামের অর্থ কি 
1,আরিয়ান নামের অর্থ কি? এটি কি আসলেই ইসলামিক নাম?,আরিয়ান নামের অর্থ কি 
1,ফারাজ নামের অর্থ কি? Faraz name meaning,ফারাজ নামের অর্থ কি
1,ইনায়া নামের অর্থ কি? Inaya name meaning in bengali,ইনায়া নামের অর্থ কি
1,হাবিব নামের অর্থ কি? Habib name meaning in bengali,হাবিব নামের অর্থ কি
1,ইয়ামিন নামের অর্থ কি? | Yamin name meaning in bengali,ইয়ামিন নামের অর্থ কি
2,তাকরিম নামের অর্থ কি | Takrim Name Meaning,তাকরিম নামের অর্থ কি
2,শারমিন নামের অর্থ কি? Sharmin name meaning in bengali,শারমিন নামের অর্থ কি
2,আহনাফ নামের অর্থ কি? Ahnaf Name Meaning in Bengali,আহনাফ নামের অর্থ কি
2,মাবিয়া নামের অর্থ কি? | Mabia name meaning in bengali,মাবিয়া নামের অর্থ কি
2,ইমন নামের অর্থ কি? Emon Name Meaning in Bengali,ইমন নামের অর্থ কি
2,ওয়াজিহা নামের অর্থ কি? | Wajiha name meaning,ওয়াজিহা নামের অর্থ কি
2,রিফাত নামের অর্থ কি? | Rifat name meaning in Bengali,রিফাত নামের অর্থ কি
2,আয়ান নামের অর্থ কি? | Ayan Name Meaning in bengali,আয়ান নামের অর্থ কি
2,তুবা নামের অর্থ কি? আরবি ও ইসলামিক অর্থ,তুবা নামের অর্থ কি আরবি ও ইসলামিক অর্থ
2,নুসরাত জাহান নামের অর্থ কি? | Nusrat Jahan Name Meaning,নুসরাত জাহান নামের অর্থ কি
3,আরাফাত নামের অর্থ কি? Arafat name meaning in Bengali,আরাফাত নামের অর্থ কি
3,রুহি নামের অর্থ কি? Ruhi name meaning in bengali,রুহি নামের অর্থ কি
3,মায়শা বা মাইশা নামের অর্থ কি? | Maisha Name Meaning,মায়শা বা মাইশা নামের অর্থ কি
3,সুলতানা নামের অর্থ কি? Sultana name meaning in bengali,সুলতানা নামের অর্থ কি
3,মুনতাসির নামের অর্থ কি? | Muntasir name meaning in Bengali,মুনতাসির নামের অর্থ কি
3,মুয়াজ নামের অর্থ কি | Muaz name meaning,মুয়াজ নামের অর্থ কি
3,মোহাম্মদ নামের অর্থ কি? | Mohammad name meaning,মোহাম্মদ নামের অর্থ কি
3,ইসরাত জাহান নামের অর্থ কি? Israt Jahan meaning,ইসরাত জাহান নামের অর্থ কি
3,আব্দুর রহমান নামের অর্থ কি? | Abdur Rahman Name Meaning,আব্দুর রহমান নামের অর্থ কি
3,আয়েশা সিদ্দিকা নামের অর্থ কি? | Ayesha Siddika meaning,আয়েশা সিদ্দিকা নামের অর্থ কি
4,আরিশা জান্নাত নামের অর্থ কি? Arisha Jannat name meaning,আরিশা জান্নাত নামের অর্থ কি
4,সিদরাতুল মুনতাহা নামের অর্থ কি? Sidratul Muntaha meaning,সিদরাতুল মুনতাহা নামের অর্থ কি
4,মিফতাহুল জান্নাত নামের অর্থ কি? Miftahul Jannat meaning,মিফতাহুল জান্নাত নামের অর্থ কি
4,তানিয়া নামের অর্থ কি? Tania Name Meaning in Bengali,তানিয়া নামের অর্থ কি
4,তানজিম নামের অর্থ কি? Tanzim name meaning in Bengali,তানজিম নামের অর্থ কি
4,জুবায়ের নামের অর্থ কি? Jubayer name meaning in bengali,জুবায়ের নামের অর্থ কি
4,আরহান নামের অর্থ কি? Arhan name meaning in bengali,আরহান নামের অর্থ কি
4,রিদওয়ান নামের অর্থ কি? Ridwan name meaning in bengali,রিদওয়ান নামের অর্থ কি
4,রাইয়ান নামের অর্থ কি? Raiyan name meaning in bengali,রাইয়ান নামের অর্থ কি
4,রাইসা বা রাইছা নামের অর্থ কি? | Raisa Name Meaning,রাইসা বা রাইছা নামের অর্থ কি
5,মনি নামের অর্থ কি? Moni name meaning in bengali,মনি নামের অর্থ কি
5,রিসান নামের অর্থ কি? Risan name meaning in bengali,রিসান নামের অর্থ কি
5,তামান্না নামের অর্থ কি? Tamanna name meaning in bengali,তামান্না নামের অর্থ কি
5,সামিয়া নামের অর্থ কি? | Samia Name Meaning in Bengali,সামিয়া নামের অর্থ কি
5,লিজা নামের অর্থ কি? Liza name meaning in Bengali,লিজা নামের অর্থ কি
5,আইরিন নামের অর্থ কি? | Airin name meaning in Bengali,আইরিন নামের অর্থ কি
5,ইভা নামের অর্থ কি? | Eva name meaning in Bengali,ইভা নামের অর্থ কি
5,ইসরাত নামের অর্থ কি? ইসরাত আর ইশরাত অর্থ কেন ভিন্ন?,ইসরাত নামের অর্থ কি ইসরাত আর ইশরাত অর্থ কেন ভিন্ন
5,হাবিবা নামের অর্থ কি? | Habiba name meaning in bengali,হাবিবা নামের অর্থ কি
5,তাবাসসুম নামের অর্থ কি? | Tabassum name meaning in Bengali,তাবাসসুম নামের অর্থ কি
6,রাসেল নামের অর্থ কি? | Rasel name meaning in bengali,রাসেল নামের অর্থ কি
6,জিহাদ নামের অর্থ কি? | Jihad name meaning in bengali,জিহাদ নামের অর্থ কি
6,মিতু নামের অর্থ কি? Mitu name meaning in Bengali,মিতু নামের অর্থ কি
6,নাঈম নামের অর্থ কি? | Nayem name meaning in bengali,নাঈম নামের অর্থ কি
6,আনায়া নামের অর্থ কি? | Anaya name meaning in Bengali,আনায়া নামের অর্থ কি
6,আরহাম নামের অর্থ কি? | Arham name meaning in bengali,আরহাম নামের অর্থ কি
6,আদিবা নামের অর্থ কি? | Adiba name meaning in Bengali,আদিবা নামের অর্থ কি
6,তাসনিম নামের অর্থ কি? Tasnim name meaning in bengali,তাসনিম নামের অর্থ কি
6,আব্দুল্লাহ নামের অর্থ কি? Abdullah name meaning,আব্দুল্লাহ নামের অর্থ কি
6,জিসান নামের অর্থ কি? | Jisan name meaning in bengali,জিসান নামের অর্থ কি
7,ফারিহা নামের অর্থ কি? Fariha name meaning in Bengali,ফারিহা নামের অর্থ কি
7,সুমাইয়া নামের অর্থ কি? Sumaiya Name Meaning in Bengali,সুমাইয়া নামের অর্থ কি
7,আবরার নামের অর্থ কি? Abrar name meaning in Bengali,আবরার নামের অর্থ কি
7,আসফিয়া নামের অর্থ কি? Asfiya name meaning in bengali,আসফিয়া নামের অর্থ কি
7,সিনান নামের অর্থ কি? Sinan name meaning in bengali,সিনান নামের অর্থ কি
7,হুজাইফা নামের অর্থ কি? Huzaifa name meaning in bengali,হুজাইফা নামের অর্থ কি
7,আবির নামের অর্থ কি? Abir name meaning in bengali,আবির নামের অর্থ কি
7,মুসকান নামের অর্থ কি? Muskan name meaning in bengali,মুসকান নামের অর্থ কি
7,ইলমা নামের অর্থ কি? Ilma name meaning in bengali,ইলমা নামের অর্থ কি
7,আয়মান নামের অর্থ কি? Ayman name meaning in bengali,আয়মান নামের অর্থ কি
8,মাহি নামের অর্থ কি? Mahi name meaning in bengali,মাহি নামের অর্থ কি
8,মুনতাহা নামের অর্থ কি? Muntaha name meaning in bengali,মুনতাহা নামের অর্থ কি
8,আদনান নামের অর্থ কি? Adnan name meaning in bengali,আদনান নামের অর্থ কি
8,মাহিন নামের অর্থ কি? Mahin name meaning in Bengali,মাহিন নামের অর্থ কি
8,ফারজানা নামের অর্থ কি? | Farzana name meaning in bengali,ফারজানা নামের অর্থ কি
8,আফিয়া নামের অর্থ কি? | Afia name meaning in bengali,আফিয়া নামের অর্থ কি
8,সাদিয়া নামের অর্থ কি? | Sadia Name Meaning in Bengali,সাদিয়া নামের অর্থ কি
8,তাসফিয়া নামের অর্থ কি? Tasfiya name meaning in Bengali,তাসফিয়া নামের অর্থ কি
8,আঞ্জুমান নামের অর্থ কি? Anjuman name meaning,আঞ্জুমান নামের অর্থ কি
8,লামিয়া নামের অর্থ কি? Lamia name meaning in bengali,লামিয়া নামের অর্থ কি
9,খাদিজা নামের অর্থ কি? Khadija name meaning in bengali,খাদিজা নামের অর্থ কি
9,ফাতেমা নামের অর্থ কি? | Fatema name meaning in bengali,ফাতেমা নামের অর্থ কি
9,তাকিয়া নামের অর্থ কি? | Takiya name meaning in bengali,তাকিয়া নামের অর্থ কি
9,সানজিদা নামের অর্থ কি? |  Sanjida name meaning in Bengali,সানজিদা নামের অর্থ কি
9,মারিয়াম বা মরিয়ম নামের অর্থ কি? Mariam Name Meaning,মারিয়াম বা মরিয়ম নামের অর্থ কি
9,আরিকা নামের অর্থ কি? | Arika name meaning in bengali,আরিকা নামের অর্থ কি
9,হুমাসা নামের অর্থ কি? | Humasa name meaning in bengali,হুমাসা নামের অর্থ কি
9,সুনাইরা নামের অর্থ কি? | Sunaira name meaning in bengali,সুনাইরা নামের অর্থ কি
9,সাফওয়ান নামের অর্থ কি? Safwan Name Meaning in Bengali,সাফওয়ান নামের অর্থ কি
9,হাসান নামের অর্থ কি? | Hasan name meaning in bengali,হাসান নামের অর্থ কি
10,আফিফ নামের অর্থ কি? | Afif name meaning in bengali,আফিফ নামের অর্থ কি
10,আব্দুল্লাহ আল আরিয়ান নামের অর্থ কি? | Abdullah Al Ariyan,আব্দুল্লাহ আল আরিয়ান নামের অর্থ কি
10,আয়াত নামের অর্থ কি? | Ayat name meaning in bengali,আয়াত নামের অর্থ কি
10,আয়েশা নামের অর্থ কি? | Ayesha name meaning in bengali,আয়েশা নামের অর্থ কি
10,জান্নাত নামের অর্থ কি? | Jannat name meaning in bengali,জান্নাত নামের অর্থ কি
10,হুমায়রা নামের অর্থ কি? | Humaira name meaning in bengali,হুমায়রা নামের অর্থ কি
10,নুসরাত নামের অর্থ কি? Nusrat name Meaning in bengali,নুসরাত নামের অর্থ কি
10,রাফিয়া নামের অর্থ কি? Rafia Name Meaning in Bengali,রাফিয়া নামের অর্থ কি
10,আরিফ নামের অর্থ কি? | Arif Name Meaning in Bengali,আরিফ নামের অর্থ কি
10,রিশা নামের অর্থ কি? | Risha Name Meaning in Bengali,রিশা নামের অর্থ কি
11,রাইশা নামের অর্থ কি? | Raisha name meaning in bangla,রাইশা নামের অর্থ কি
11,রাকিব নামের অর্থ কি? Rakib Name Meaning in Bengali,রাকিব নামের অর্থ কি
11,শাফি নামের অর্থ কি? Shafi name meaning in Bengali,শাফি নামের অর্থ কি
11,তানজিদ নামের অর্থ কি? Tanzid name meaning in bengali,তানজিদ নামের অর্থ কি
11,লাইসা নামের অর্থ কি | Laisa Name Meaning in Bengali,লাইসা নামের অর্থ কি
11,আমরিন নামের অর্থ কি? Amrin name meaning in bengali,আমরিন নামের অর্থ কি
11,রাজিন নামের অর্থ কি? | Razin Name Meaning in Bengali,রাজিন নামের অর্থ কি
11,আরশি নামের অর্থ কি? Arshi Name Meaning in Bengali,আরশি নামের অর্থ কি
11,নাফিজা নামের অর্থ কি? Nafiza name meaning in bengali,নাফিজা নামের অর্থ কি
11,আলিশবা নামের অর্থ কি? | Alishba Name Meaning in Bengali,আলিশবা নামের অর্থ কি
12,ইফজা নামের অর্থ কি? Ifza name meaning in bengali,ইফজা নামের অর্থ কি
12,নুজাইরা বা নুজাইরাহ নামের অর্থ কি? Nuzaira name meaning,নুজাইরা বা নুজাইরাহ নামের অর্থ কি
12,নুজাইফা নামের অর্থ কি? Nuzaifa name meaning in bengali,নুজাইফা নামের অর্থ কি
12,"রাফসান নামের অর্থ কি? বাংলা, আরবি ও ইসলামিক অর্থ",রাফসান নামের অর্থ কি বাংলা আরবি ও ইসলামিক অর্থ
12,ইমরান নামের অর্থ কি? | Imran Name Meaning in Bengali,ইমরান নামের অর্থ কি
12,রাহি নামের অর্থ কি? | Rahi Name Meaning in Bengali,রাহি নামের অর্থ কি
12,আইয়ান নামের অর্থ কি? । Aiyan Name Meaning in Bengali,আইয়ান নামের অর্থ কি
12,রাইদা নামের অর্থ কি? raidah name meaning in bengali,রাইদা নামের অর্থ কি
12,নাফিজ নামের অর্থ কি? Nafiz Name Meaning in Bengali,নাফিজ নামের অর্থ কি
12,রাইফা নামের অর্থ কি? | Raifa Name Meaning in Bengali,রাইফা নামের অর্থ কি
13,রুবাইয়া নামের অর্থ কি? | Rubaiya name meaning,রুবাইয়া নামের অর্থ কি
13,জায়ান নামের অর্থ কি? | Zayan name meaning in bengali,জায়ান নামের অর্থ কি
13,মারিয়া নামের অর্থ কি? | Maria Name Meaning in Bengali,মারিয়া নামের অর্থ কি
13,মেহজাবিন নামের অর্থ কি? Mahjabin name meaning in Bengali,মেহজাবিন নামের অর্থ কি
13,আহান নামের অর্থ কি? | Ahan Name Meaning,আহান নামের অর্থ কি
13,রায়ান নামের অর্থ কি? | Rayan Name Meaning,রায়ান নামের অর্থ কি
13,সাবিহা নামের অর্থ কি? Sabiha name meaning in Bengali,সাবিহা নামের অর্থ কি
13,অরিন নামের অর্থ কি? Orin Name Meaning in Bengali,অরিন নামের অর্থ কি
13,মানহা নামের অর্থ কি? Manha name meaning in bengali,মানহা নামের অর্থ কি
13,আয়াজ নামের অর্থ কি? | Ayaz Name Meaning,আয়াজ নামের অর্থ কি
14,মারজিয়া নামের অর্থ কি? | Marzia Name Meaning in Bengali,মারজিয়া নামের অর্থ কি
14,তানহা নামের অর্থ কি? Tanha name meaning in bengali,তানহা নামের অর্থ কি
14,নুসাইবা নামের অর্থ কি? | Nusaiba Name Meaning,নুসাইবা নামের অর্থ কি
14,আযান নামের অর্থ কি? | Azan Name Meaning in Bengali,আযান নামের অর্থ কি
14,রুমাইয়া নামের অর্থ কি  | Rumaiya Name Meaning,রুমাইয়া নামের অর্থ কি
